partkey,name,mfgr,retailprice,type,comment
4712,Excavator,Mycat,$199.65,Plastic,Replace small bowel tube
3796,Grader,Photojam,$288.69,Vinyl,Oth totl excision thymus
3515,Scraper,Skinder,$104.02,Stone,Tooth extraction NEC
3787,Grader,Divape,$104.77,Wood,Oth dx proc-radius/ulna
3161,Backhoe,Realpoint,$257.36,Wood,Partial sialoadenectomy
4136,Skid-Steer,Aibox,$218.17,Wood,Lid reconstruction NOS
4072,Scraper,Skinte,$249.04,Brass,Endo transmyo revascular
3793,Grader,Realcube,$104.87,Stone,Conjunctivoplasty NEC
4658,Excavator,Einti,$225.21,Rubber,Intrauterine transfusion
3318,Dump Truck,Skajo,$163.54,Rubber,Amputation stump revis
3865,Backhoe,Skibox,$238.20,Brass,Repair of tongue NEC
4499,Dragline,Oba,$243.86,Brass,Myotomy of hand
3419,Compactor,Blogtag,$193.40,Vinyl,Excise axillary node
3406,Scraper,Wikibox,$297.35,Brass,Parathyroid biopsy
3782,Scraper,Mydeo,$202.83,Vinyl,Cul-de-sac operation NEC
4821,Skid-Steer,Izio,$161.68,Glass,Partial ventriculectomy
4721,Dragline,Twitterbeat,$204.61,Steel,Eyeball evisceration NEC
3308,Dragline,Feedbug,$186.57,Aluminum,Exc hnd mus/fas for grft
4894,Crawler,Zoonoodle,$193.21,Granite,Metatar/tar sequestrec
4288,Excavator,Muxo,$162.04,Brass,Partial patellectomy
4741,Grader,Devpoint,$191.89,Brass,Adjust gast restrict dev
3886,Bulldozer,Innojam,$272.40,Brass,Miscellaneous proc NEC
4846,Dragline,Podcat,$168.61,Granite,Open sigmoidectomy NEC
4662,Dump Truck,Babblestorm,$234.22,Glass,Uvula and soft palate bx
3227,Compactor,Eamia,$200.91,Granite,Fat grft skin/subq tiss
3059,Crawler,Aibox,$273.47,Stone,Remove ocular implant
4740,Trencher,Jamia,$203.93,Plexiglass,Manual explor uterus p/p
3259,Grader,Linkbridge,$296.57,Vinyl,Open uterine ligament bx
3715,Excavator,Demizz,$155.63,Stone,Revise hip replacemt NOS
3521,Excavator,Brainlounge,$204.74,Aluminum,Rectal perirect op NEC
3997,Compactor,Flipstorm,$276.67,Brass,Orthotic device fitting
4830,Trencher,Gabtune,$190.43,Brass,Hyperbaric oxygenation
3969,Crawler,Jayo,$299.81,Stone,Reconstruction of penis
4764,Trencher,Voonte,$216.51,Rubber,Open pancreatic biopsy
3276,Backhoe,Eabox,$147.70,Glass,Ptosis rep-fron mus slng
3847,Crawler,Dabtype,$230.09,Brass,Ocular prosthetics
3545,Grader,Meezzy,$110.45,Glass,Ventr septa def rep NEC
4379,Crawler,Devpoint,$199.00,Steel,Pneumoencephalogram
3935,Grader,Youopia,$156.71,Plexiglass,Symphysiotomy
4929,Crawler,Oyonder,$228.87,Aluminum,Repair colovagin fistula
3408,Skid-Steer,Voolia,$165.87,Stone,Leg vein resect/anastom
3745,Compactor,Vimbo,$111.70,Rubber,Debrid opn fx-femur
4189,Compactor,Realbridge,$211.37,Brass,Opn abltn renal les/tiss
3440,Compactor,Snaptags,$291.50,Granite,Radical orbitomaxillect
4345,Dragline,Camimbo,$162.26,Steel,Part ostectomy-femur
4112,Grader,Blogtag,$146.57,Plexiglass,Oth sleep dis funct test
4796,Scraper,Avaveo,$111.80,Plastic,Oth lap loc exc dest ova
3595,Backhoe,Geba,$218.90,Granite,Contr cerebr arteriogram
4296,Backhoe,Lazzy,$251.79,Aluminum,Excise epididymis cyst
4835,Scraper,Eimbee,$142.16,Steel,Periren/ureteral biopsy
3068,Trencher,Tambee,$226.82,Plexiglass,Endosc retro cholangio
4581,Backhoe,Oyoba,$271.80,Wood,Cl fx reduc-femur
4895,Backhoe,Voolith,$113.97,Plexiglass,Skin repair & plasty NEC
4173,Grader,Twitternation,$196.78,Granite,Eyelid epilation NEC
4466,Grader,Shufflebeat,$269.28,Wood,Radius/ulna inj op NOS
4305,Crawler,Blogspan,$234.21,Wood,Cl reduc disloc-ankle
3566,Crawler,Kimia,$111.18,Plastic,Revis bile tract anastom
3025,Dump Truck,Edgetag,$282.61,Plexiglass,Excis ampulla of vater
3855,Dragline,Youspan,$105.63,Aluminum,Appl ext fix-metacar/car
3182,Trencher,Edgewire,$167.55,Vinyl,Hymenorrhaphy
4150,Crawler,Photolist,$240.77,Vinyl,Postop vasc op hem contr
4134,Excavator,Dabfeed,$290.89,Rubber,Saliv lesion excis NEC
4247,Dump Truck,Quimm,$181.87,Glass,Partial glossectomy
4139,Grader,Meevee,$293.96,Aluminum,Myotomy
3806,Dragline,Quaxo,$162.13,Plexiglass,Repair of orbital wound
3762,Bulldozer,Skilith,$290.89,Wood,Leg vein excision
3010,Skid-Steer,Tagopia,$202.49,Brass,Impl intraoc telesc pros
4317,Scraper,Bubblebox,$159.66,Rubber,Epididymovasostomy
4808,Trencher,Kaymbo,$185.84,Granite,Tularemia vaccination
4464,Compactor,Twitterworks,$135.90,Aluminum,Urethrostomy closure
4866,Bulldozer,Fanoodle,$210.03,Stone,Hypothermia
3186,Dragline,DabZ,$286.05,Plastic,Vulvar/perin repair NEC
3497,Grader,Pixope,$269.77,Brass,Arterial bld gas measure
3217,Crawler,Browsecat,$117.73,Vinyl,Canthotomy
3877,Scraper,Topicshots,$274.78,Plexiglass,Cont inv mec ven <96 hrs
4118,Grader,Fivespan,$203.97,Rubber,Suture urethral lacerat
4968,Grader,Kazio,$230.71,Wood,Femoral biopsy
3695,Bulldozer,Twimm,$229.45,Aluminum,Insert aqueous drain dev
3672,Scraper,JumpXS,$238.61,Stone,Rt heart angiocardiogram
4205,Compactor,Tambee,$179.96,Aluminum,Injec air-periton cavity
3925,Grader,Abatz,$248.77,Brass,Thoracic tomography NEC
4756,Excavator,Chatterbridge,$215.11,Plastic,Endosc destru lg int les
4807,Excavator,Riffpath,$249.70,Granite,Hemorrhoid evacuation
3482,Scraper,Skipfire,$113.08,Vinyl,Arthrodesis of hip
4449,Bulldozer,Zoonder,$180.13,Brass,Radical laryngectomy
4922,Compactor,Skinder,$240.00,Plastic,Limited rhinoplasty
3625,Bulldozer,Trunyx,$233.46,Rubber,Pyloromyotomy
3147,Backhoe,Babblestorm,$282.28,Plexiglass,C & s-bili/pancreas
4475,Trencher,Riffpath,$290.25,Stone,Gastric tube irrigat NEC
3458,Backhoe,Lazz,$196.56,Aluminum,Opn abltn renal les/tiss
3580,Crawler,Devshare,$123.52,Granite,Parasitology-lower resp
3219,Backhoe,Snaptags,$158.35,Stone,Bone graft to femur
4612,Crawler,Trudoo,$115.97,Plexiglass,Cell blk/pap-female gen
4264,Trencher,Miboo,$166.17,Vinyl,Lap bil ing hern-grf NOS
3828,Bulldozer,Skipstorm,$235.55,Wood,Anterior rect resect NEC
4783,Scraper,Linkbridge,$156.79,Vinyl,Nasolac duct intubat
3919,Skid-Steer,Aimbu,$161.33,Steel,Orbital exenteration NEC
4984,Compactor,Youtags,$230.03,Wood,Remove solitary fal tube
4753,Dragline,Rooxo,$170.84,Vinyl,Ureterectomy NOS
4148,Trencher,Avavee,$251.75,Plexiglass,Chemical shock therapy
4835,Skid-Steer,Realcube,$294.64,Granite,Periprostatic incision
4779,Grader,Zoombeat,$195.42,Glass,Abltn lung tiss NEC/NOS
4965,Grader,Jaloo,$109.81,Wood,Local renal perfusion
4384,Excavator,Aimbu,$272.72,Plexiglass,Visual evoked potential
4494,Dump Truck,Thoughtstorm,$137.49,Stone,Intravascul imaging NEC
4565,Dump Truck,Ooba,$261.11,Glass,Ankle structure division
4105,Backhoe,Mymm,$143.93,Steel,Appl ext fix-chest cage
3488,Backhoe,Yabox,$152.91,Glass,Conjunctivoplasty NEC
3613,Dragline,Oyonder,$266.78,Wood,Open sigmoidectomy NEC
4509,Backhoe,Divavu,$148.78,Plastic,Parasitology-eye
4279,Grader,Jaxspan,$138.99,Aluminum,Intrathor lymphangiogram
3039,Compactor,Jatri,$245.20,Steel,Excise bone for grft NOS
4309,Dump Truck,Zoomcast,$160.58,Plexiglass,Thorac seg lung resect
3555,Dump Truck,Oyoba,$290.93,Stone,Referral for psychother
4231,Bulldozer,Podcat,$287.51,Glass,Local excis sm bowel NEC
3407,Backhoe,BlogXS,$143.11,Aluminum,Ovarian torsion release
4366,Excavator,Oyope,$289.45,Plexiglass,Soft tissue incision NEC
3473,Crawler,Meemm,$123.20,Plexiglass,Vulvar adhesiolysis
4693,Scraper,Feedmix,$260.66,Brass,Endosc inser nasopan tub
4455,Dragline,Thoughtbridge,$113.41,Vinyl,Detach retina laser coag
4694,Excavator,Realblab,$226.64,Glass,C & s-blood
4121,Bulldozer,Skaboo,$206.15,Granite,Oth tu destr pros - rt
4742,Dragline,Zooveo,$118.08,Brass,Arth/pros rem wo rep-ank
4713,Excavator,Innotype,$109.89,Plastic,Partial mandibulectomy
3821,Dump Truck,Tagtune,$148.21,Stone,Perc abltn lung les/tiss
3434,Skid-Steer,Katz,$221.50,Rubber,Pancreatic tube irrigat
3727,Grader,Topicware,$153.01,Wood,Myelomeningocel repair
3382,Skid-Steer,Photobean,$104.89,Granite,Gastric diagnos proc NEC
4729,Dragline,Livetube,$298.21,Plexiglass,Drain appendiceal absc
3603,Bulldozer,Muxo,$236.08,Brass,Excision of lip les NEC
3561,Dump Truck,Lajo,$247.88,Steel,Lingual thyroid excision
4088,Backhoe,Thoughtbridge,$184.07,Steel,Cystostomy irrigation
4662,Bulldozer,Mydeo,$247.41,Rubber,Subtotl abd hyst NEC/NOS
4868,Skid-Steer,Feednation,$153.90,Glass,Partial patellectomy
3462,Dump Truck,Eidel,$195.94,Rubber,Femur injury op NOS
4920,Crawler,Gigashots,$220.05,Brass,Musculoskeletal op NEC
3980,Trencher,Feedfish,$268.63,Rubber,Delay opening enterostom
4437,Excavator,Kamba,$299.97,Brass,Remov urin drainage NEC
3190,Excavator,Quire,$142.74,Brass,Ventricl shunt-head/neck
4824,Dump Truck,Jatri,$268.84,Rubber,Vocal cordectomy
3237,Grader,Divanoodle,$107.66,Stone,Injection into heart
4389,Dump Truck,Zoozzy,$189.93,Stone,Ther ult head & neck ves
4469,Excavator,Twimbo,$235.46,Granite,Lengthen 1 extraoc musc
4965,Crawler,Jabbersphere,$203.41,Wood,Open red-sep epiphy NEC
3353,Skid-Steer,BlogXS,$226.53,Brass,Skull & brain op NEC
4092,Dragline,Flipopia,$120.16,Granite,Shoulder arthroplast NEC
3104,Backhoe,Youbridge,$147.10,Wood,Rev crtd sinus pulse gen
4510,Bulldozer,Pixoboo,$162.99,Brass,Insert testicular prosth
4490,Crawler,Brainverse,$226.44,Plexiglass,2nd op post eye rem NEC
3684,Bulldozer,Zoomlounge,$121.21,Glass,Oth tu destr pros - rt
4863,Bulldozer,Skimia,$246.58,Rubber,Typhoid/paratyphoid vacc
3350,Grader,Quatz,$282.47,Wood,Pericardiotomy
3801,Backhoe,Gabcube,$278.39,Stone,Urethral reanastomosis
3439,Trencher,Katz,$256.43,Wood,Bladder operation NEC
3270,Bulldozer,Blogtags,$144.95,Vinyl,Circumcision
4662,Trencher,Vinte,$291.09,Glass,Other incision of thymus
4311,Scraper,Camido,$147.70,Steel,Mid/in ear dx proc NEC
4230,Bulldozer,Flipstorm,$146.89,Stone,Total gastrectomy NEC
4720,Bulldozer,Jaxspan,$297.26,Glass,Cl reduct facial fx NEC
4649,Skid-Steer,Tagcat,$248.88,Plexiglass,Polypectomy of rectum
4202,Compactor,Ntags,$268.15,Rubber,Lap remove remain ovary
3546,Compactor,Meemm,$234.82,Steel,Remov peritoneal drain
4052,Trencher,Snaptags,$141.74,Wood,Open large bowel biopsy
4262,Grader,Meemm,$147.47,Plexiglass,Injection of larynx
4660,Excavator,Topicware,$146.41,Rubber,Lap radical vaginal hyst
3621,Trencher,Jabbersphere,$297.25,Wood,Hip arthroscopy
3420,Excavator,Quimba,$156.17,Wood,Hip structure division
4958,Excavator,Eazzy,$100.98,Brass,Bartholin gland marsup
4227,Dump Truck,Photolist,$190.43,Brass,Partial nephrectomy
3298,Grader,Twimbo,$268.32,Vinyl,Sinus lavage thru ostium
3708,Scraper,Buzzbean,$154.38,Plastic,Cell block/pap-endocrine
3776,Scraper,Rhyloo,$200.19,Glass,Lacrimal sac incision
4991,Trencher,Yata,$258.37,Plexiglass,Complete laryngectomy
4571,Crawler,Feedmix,$270.72,Rubber,Sphenopalatin ganglionec
3850,Excavator,Browsecat,$166.90,Stone,Scrotum/tunic repair NEC
3884,Crawler,Youspan,$107.51,Plastic,Vag hysterectomy NEC/NOS
3468,Dragline,Zoonder,$190.37,Vinyl,Extraoc musc inj repair
3496,Trencher,Skilith,$295.94,Granite,Sinus lavage thru ostium
3049,Trencher,Jatri,$216.22,Granite,Full-thick skin grft NEC
3182,Compactor,Skyba,$190.20,Aluminum,Thorac exc lung lesion
3369,Dragline,Snaptags,$104.32,Glass,Facilit intraoc circ NEC
3739,Trencher,Jaloo,$144.87,Plastic,Oth seg lung resect NOS
4548,Dragline,Yoveo,$257.24,Rubber,Entropion/ectrop rep NEC
3348,Backhoe,Riffpath,$121.35,Wood,Esophagostomy closure
4695,Excavator,Leexo,$196.98,Wood,Abd vein resect & anast
3402,Grader,Livepath,$181.34,Wood,Micro exam-periton NEC
3481,Dragline,Riffpedia,$105.02,Plastic,Oth arthrotomy-foot/toe
3090,Trencher,Buzzster,$218.65,Plastic,Transfusion NEC
3092,Dragline,Riffpedia,$132.36,Vinyl,Gum operation NEC
3139,Crawler,Thoughtbeat,$281.50,Glass,Endovas repl pulm valve
4040,Dragline,Yodel,$157.76,Vinyl,Intra-amnion inj for ab
3985,Compactor,Ooba,$239.62,Plexiglass,Open reduc-metac/car fx
4928,Scraper,Mudo,$155.87,Vinyl,Extraocul mus transposit
4559,Trencher,Eayo,$177.50,Brass,Plague vaccination
4048,Scraper,Zooveo,$283.13,Steel,Revise knee replace NOS
3518,Dump Truck,Feednation,$139.80,Wood,Open reduction-finger fx
4194,Grader,Devcast,$101.36,Steel,Esophageal incision NEC
3549,Scraper,Ailane,$141.01,Glass,Other humerus incision
4939,Bulldozer,Wikivu,$177.21,Stone,Implant mechanic kidney
3555,Excavator,Yakitri,$115.91,Plexiglass,Peritoneal incision
4704,Trencher,Linkbridge,$215.11,Wood,Opn/oth part gastrectomy
3709,Compactor,Thoughtsphere,$186.84,Vinyl,Removal FB from leg
3964,Dump Truck,Zoombeat,$166.00,Rubber,Partial mandibulectomy
4806,Grader,Mycat,$261.77,Steel,Excision of ankle NEC
3002,Scraper,Fiveclub,$169.03,Plexiglass,Pt breathing exercise
3696,Excavator,Yodel,$173.72,Steel,Thorac duct cannulation
3191,Scraper,Trudeo,$262.65,Stone,Suture diaphragm lacerat
3222,Dragline,Buzzster,$283.02,Stone,Imp/repl spine stim lead
4721,Trencher,Muxo,$250.84,Vinyl,Free skin graft NOS
4131,Compactor,Skaboo,$136.52,Plastic,Thymectomy NOS
3430,Skid-Steer,Livefish,$282.69,Rubber,Rad node dissection NEC
3472,Compactor,Livepath,$161.72,Vinyl,Transab sm bowel endosc
4527,Skid-Steer,Janyx,$181.92,Granite,Vena cav angiocardiogram
4672,Dragline,Shufflebeat,$184.80,Rubber,Eswl kid/ureter/bladder
3889,Trencher,Skyndu,$122.44,Granite,Injct/inf immunoglobulin
3533,Bulldozer,Reallinks,$107.71,Steel,Insertion of iud
3304,Scraper,Topiczoom,$112.27,Stone,Other spinal traction
3797,Backhoe,Edgetag,$235.85,Steel,Excise bone for grft NOS
3472,Bulldozer,Janyx,$185.15,Plastic,Opn rep dir ing hern NEC
3297,Scraper,Podcat,$248.91,Aluminum,Insert/repl oth neurost
4346,Dragline,Digitube,$230.14,Glass,Psychol eval & test NEC
4341,Crawler,Shuffledrive,$116.34,Aluminum,Endo rem bronch devc/sub
3417,Crawler,Rooxo,$226.17,Aluminum,Simpl suture fallop tube
3101,Dragline,Bubblemix,$204.98,Wood,Contrast bronchogram NEC
4706,Crawler,Oyope,$211.18,Aluminum,Intracarot amobarb test
4793,Dragline,Topiclounge,$219.35,Plexiglass,Rev jt repl upper extrem
3862,Skid-Steer,Avaveo,$220.83,Plexiglass,Vulvar/perin repair NEC
4386,Grader,Cogidoo,$256.33,Steel,Hearing examination NOS
3552,Grader,Zazio,$247.04,Plastic,Remove ureteral ligature
3890,Compactor,Skinder,$212.32,Brass,Sm bowel exteriorization
3290,Dragline,Rhycero,$211.97,Plexiglass,1 extraoc muscl advance
3705,Compactor,Photofeed,$257.60,Aluminum,Choledochoplasty
4420,Grader,Edgewire,$104.01,Rubber,Opn rep umb hrn-grft NEC
3050,Scraper,Realfire,$274.33,Glass,Limited rhinoplasty
4125,Crawler,Yakijo,$252.93,Plastic,Opn reduc disloc-hand
3768,Dump Truck,Trilith,$209.01,Wood,Suture chest wall lacer
4080,Dump Truck,Jabbersphere,$155.18,Steel,Limb shorten proc NEC
3260,Crawler,Dazzlesphere,$272.78,Stone,Diaphragmatic plication
4418,Skid-Steer,Yoveo,$170.66,Granite,Lap pull-thru res rectum
3890,Backhoe,Youtags,$241.85,Glass,Other humerus incision
4164,Skid-Steer,Topiczoom,$299.58,Glass,Vessel operation NEC
4261,Skid-Steer,Fatz,$239.38,Stone,Transab lg bowel endosc
3626,Compactor,Centimia,$103.56,Brass,Uterine operation NEC
3279,Scraper,Trupe,$174.33,Aluminum,Electrocardiograph monit
3650,Bulldozer,Rhynoodle,$110.69,Glass,Suture uterine lacerat
3282,Skid-Steer,Quimba,$205.64,Glass,Other heart valve ops
3488,Dragline,Yakidoo,$148.36,Plastic,Systemic-pulm art shunt
3939,Scraper,Twimm,$220.27,Glass,Thermokeratoplasty
4646,Dragline,Yakidoo,$253.66,Stone,Eye fluorescein angiogra
4356,Excavator,Viva,$180.34,Plastic,Lacrim passage incis NEC
4942,Crawler,Kazio,$140.73,Rubber,Thoracostomy closure
3839,Skid-Steer,Einti,$263.71,Granite,Int/comb version no extr
4128,Trencher,Ozu,$127.19,Granite,Insert colonic stent NEC
4930,Scraper,Aimbo,$207.92,Vinyl,Adhesiolysis mus/ten/fas
3592,Bulldozer,Trilia,$167.11,Wood,Sing source radiosurgery
4864,Backhoe,Shufflebeat,$167.74,Rubber,Replac ves-to-ves cannul
3436,Scraper,Oyonder,$244.23,Steel,Rem epiretinal prosth
4455,Dump Truck,Mynte,$263.70,Steel,Treadmill stress test
4352,Scraper,Bubblemix,$199.81,Rubber,Scleral fistula repair
3783,Crawler,Yambee,$274.49,Wood,Electronystagmogram
3024,Scraper,Ainyx,$263.09,Stone,Scleral buckling NEC
4786,Dragline,Kayveo,$225.68,Stone,Thoracostomy closure
3091,Dragline,Einti,$212.72,Steel,Epididymovasostomy
3883,Crawler,Livepath,$284.05,Plastic,Intraop gastric manipul
3681,Dump Truck,Dabfeed,$230.79,Aluminum,Close lg bowel fistula
4510,Crawler,Centimia,$209.26,Brass,Partial pancreatect NEC
4323,Backhoe,Jazzy,$139.78,Glass,Uvula and soft palate bx
4372,Bulldozer,Jabberbean,$202.01,Plastic,Gracilis musc transplan
4392,Dragline,Riffwire,$272.78,Brass,Open periph nerve biopsy
4720,Crawler,Photospace,$134.10,Vinyl,Other plastic ops tendon
4577,Dragline,Midel,$176.76,Aluminum,Appl ext fix-metatar/tar
4695,Compactor,Podcat,$131.78,Rubber,Full-mouth x-ray
3052,Dump Truck,Yamia,$161.14,Rubber,Incis lymphatic structur
4873,Dump Truck,Photolist,$236.31,Aluminum,Tonsillectomy
4141,Trencher,Fliptune,$243.88,Steel,Nephrotomy
4084,Grader,Devbug,$230.86,Granite,Transplant cadaver donor
3275,Dump Truck,Bluejam,$261.05,Brass,Bil exten rad mastectomy
3750,Dragline,Katz,$161.06,Stone,Per nerve adhesiolys NEC
4103,Backhoe,Oyoba,$258.17,Aluminum,Thymus field exploration
3724,Bulldozer,Kamba,$142.40,Plastic,Clos small bowel biopsy
4859,Bulldozer,Jabberbean,$180.33,Granite,Dilat frontonasal duct
3851,Backhoe,Twitternation,$184.37,Vinyl,Assisted pool exercise
4451,Dragline,Voomm,$208.87,Steel,Onychoplasty
3414,Bulldozer,Oyonder,$230.97,Plexiglass,Ins spin disc pros thor
3697,Compactor,Jabbersphere,$206.57,Vinyl,Gastrostomy closure
3828,Trencher,Blogpad,$220.93,Steel,Lap bil dir ing hrn-grft
4817,Compactor,Babbleset,$141.69,Vinyl,Adrenal lesion excision
3559,Excavator,Avamba,$252.59,Granite,Other incision of thymus
4781,Grader,Oyoyo,$182.04,Plastic,1 extraoc muscl resect
3392,Compactor,Eabox,$167.24,Granite,Comb alcohol/drug detox
3581,Scraper,Katz,$144.58,Plastic,Laryngeal nerv division
3144,Trencher,Mycat,$252.19,Plastic,Abd vessel resect/anast
3709,Trencher,Zazio,$228.57,Steel,Transab sm bowel endosc
3587,Scraper,Eire,$147.75,Plexiglass,Refus oth cervcl ant/ant
3038,Crawler,Babblestorm,$272.10,Vinyl,Opn chest cardiac massag
4211,Backhoe,Linkbridge,$221.46,Granite,Cystogram NEC
4625,Excavator,Linklinks,$115.36,Brass,Oth tib/fib repair/plast
4268,Grader,Kaymbo,$143.97,Plexiglass,Unilat reduct mammoplast
3142,Crawler,Vidoo,$224.72,Brass,Lap unilat oophorectomy
4313,Trencher,Rhyloo,$153.51,Stone,Shoulder struct division
3706,Dragline,Browsezoom,$167.61,Stone,Insert othr spin device
4117,Dump Truck,Skyba,$111.64,Rubber,Parasitology-upper urin
4214,Skid-Steer,Wikido,$272.56,Steel,Abd wall hern repair NEC
4392,Backhoe,Geba,$280.05,Glass,Other craniotomy
3586,Backhoe,Wikizz,$110.62,Vinyl,Remov ant segmnt les NOS
3069,Skid-Steer,Oyoyo,$182.16,Rubber,Cystogram NEC
4065,Compactor,Brainsphere,$151.66,Brass,Abdominal wall biopsy
4189,Compactor,Gabcube,$233.50,Plexiglass,Detach retina-diathermy
4636,Backhoe,Photolist,$292.91,Plexiglass,"Endo ins/re bron val,one"
3356,Bulldozer,Oyoba,$157.73,Steel,Laparoscop gastroplasty
3070,Scraper,Topiclounge,$161.32,Wood,Excision of iris lesion
3786,Compactor,Yombu,$219.44,Steel,Nasal function study
4626,Dragline,Bubblebox,$296.53,Plastic,Separat unequl join twin
3557,Bulldozer,Skyndu,$254.64,Rubber,Lap vertical gastrectomy
4619,Bulldozer,Miboo,$271.70,Rubber,Other heart septa ops
3046,Trencher,Meevee,$117.53,Plexiglass,Contrast phlebogram NEC
4868,Dump Truck,Jazzy,$118.50,Vinyl,Proctopexy NEC
4831,Excavator,Minyx,$211.07,Plastic,Contrast arteriogram NOS
4504,Bulldozer,Twinder,$235.60,Steel,Facial bone biopsy
4658,Trencher,Thoughtstorm,$208.55,Vinyl,Clos seminal vesicles bx
3592,Backhoe,Zoomdog,$234.42,Stone,Bone incis w/o div NEC
3045,Excavator,Eimbee,$235.56,Wood,Pharyngotomy
3869,Grader,Dabshots,$164.41,Brass,Finger amputation
3721,Scraper,Lazzy,$154.22,Granite,Arthroplas metacarp wit
3017,Dump Truck,Gigashots,$262.61,Aluminum,Blood vessel biopsy
3802,Scraper,Twitterbeat,$136.96,Rubber,Vulvar adhesiolysis
3008,Dump Truck,Voolia,$252.76,Aluminum,Bladder sphincterotomy
3071,Bulldozer,Trudoo,$273.74,Brass,After-catar discission
4358,Compactor,Buzzbean,$212.61,Granite,Cell blk/pap-peritoneum
3267,Dragline,Bubbletube,$219.84,Rubber,Alveolus biopsy
3521,Grader,Jabbersphere,$179.93,Wood,Retroperitoneal xray NEC
3484,Skid-Steer,Trudeo,$118.79,Steel,Abd-coron artery bypass
4613,Bulldozer,Chatterpoint,$154.83,Wood,Imp/repl peri stim lead
4202,Scraper,Eayo,$174.95,Aluminum,Oth part cholecystectomy
3056,Trencher,Jatri,$228.44,Granite,Urinary system op NEC
4302,Dump Truck,Blogtag,$266.42,Aluminum,Bursotomy of hand
3559,Scraper,Fiveclub,$261.37,Plastic,Splenic cyst marsupial
4431,Bulldozer,Linklinks,$298.88,Stone,Auxiliary liver transpl
3800,Grader,Linkbridge,$151.80,Steel,Trnsplnt live nonrel don
3902,Dragline,Oyoloo,$133.42,Plexiglass,Testicular operation NEC
3101,Backhoe,Oozz,$106.53,Brass,Orthotic evaluation
3400,Trencher,Bubbletube,$184.65,Brass,Lung operation NEC
4687,Bulldozer,Lazz,$196.99,Glass,Magnet remov ant seg FB
3545,Trencher,Skyble,$228.56,Glass,Destruc-hand jt les NEC
3719,Scraper,Voonix,$212.49,Aluminum,Keratomileusis
4388,Bulldozer,Rhyzio,$114.47,Rubber,Dx procedure thorax NEC
4990,Crawler,Oyondu,$133.15,Brass,Bone graft to face bone
3703,Excavator,Jabbertype,$259.67,Plexiglass,Destruct conjunc les NEC
4282,Excavator,Vidoo,$274.58,Wood,Limb short proc-femur
4744,Grader,Talane,$269.85,Glass,Periren adhesiolys NEC
3249,Trencher,Innotype,$270.55,Vinyl,Metacarpophalangeal fus
4376,Excavator,Miboo,$162.80,Brass,Implnt/fit pros limb NOS
3673,Scraper,Mycat,$230.55,Glass,Toxicology-bili/pancreas
4389,Crawler,Photobean,$205.68,Wood,Contrast renal arteriogr
4138,Excavator,Meemm,$105.50,Stone,Excision of hip NEC
3378,Compactor,Blogtag,$214.35,Steel,Cryosurg lid epilation
3937,Dragline,Fadeo,$110.92,Rubber,Excision of joint NOS
4205,Compactor,Skilith,$144.72,Stone,Hypothermia
4778,Dump Truck,Feedmix,$202.50,Wood,Thoracoscopc decort lung
3138,Backhoe,Izio,$246.94,Wood,Nasolacrimal duct probe
4313,Bulldozer,Meevee,$127.73,Plastic,Sm bowel-rect stump anas
4872,Dragline,Topicware,$240.45,Plastic,Ptos rep-tarsal techniq
4515,Compactor,Lazz,$290.67,Steel,Septoplasty NEC
4127,Bulldozer,Aibox,$269.31,Vinyl,Partial mandibulectomy
3402,Excavator,Trudeo,$272.70,Stone,Int fixation-tibia/fibul
4437,Dump Truck,Meedoo,$251.51,Steel,Bursotomy
3876,Grader,Leenti,$156.88,Plastic,Oth conjunc destruc proc
3803,Excavator,Zooveo,$141.11,Plastic,Bilat radical mastectomy
4856,Dump Truck,Trilith,$251.96,Plexiglass,Eyelid epilation NEC
4577,Dump Truck,Digitube,$158.17,Steel,Imp/rep mchan cochl pros
3503,Backhoe,Twiyo,$203.35,Granite,Abdominal tomography NEC
3120,Backhoe,Gabvine,$210.81,Glass,Bil fem hern repair NEC
3507,Skid-Steer,Jabbersphere,$224.02,Stone,Lap appendectomy
4464,Trencher,Skyble,$258.40,Plastic,Pelvimetry
3214,Bulldozer,Photojam,$151.32,Wood,Left lat sphincterotomy
3170,Dragline,Geba,$166.46,Steel,Onychoplasty
4493,Excavator,Blogtag,$116.05,Stone,Remov ren dialysis shunt
3562,Bulldozer,Abata,$238.91,Vinyl,Dx ultrasound-grav uter
3256,Compactor,Ailane,$236.39,Glass,Intravas msmnt thorc art
4646,Compactor,Yotz,$140.26,Brass,Other tibia/fibula incis
3892,Trencher,Quinu,$264.62,Brass,Facial bone biopsy
3908,Dragline,Vidoo,$247.64,Granite,Spinal refusion NOS
4146,Dragline,Meeveo,$129.22,Brass,Comb alco/drug reha/deto
3765,Scraper,Quaxo,$149.54,Vinyl,Electrosurg lid epilat
3310,Scraper,Roodel,$261.86,Rubber,Loc exc bone les patella
4218,Trencher,Ainyx,$131.57,Wood,Phonocardiogram
4204,Excavator,Eire,$208.88,Wood,Oth sleep dis funct test
3789,Compactor,Tagchat,$265.35,Granite,Gastroscopy NEC
4332,Grader,Katz,$133.76,Steel,Transab proctosigmoidosc
3846,Backhoe,Centimia,$284.40,Plexiglass,C & s-upper urinary
3393,Trencher,Photojam,$261.46,Steel,Suture cornea laceration
3239,Grader,Yakitri,$290.05,Vinyl,Shoulder arthroplast NEC
3063,Grader,Oba,$278.67,Stone,Ligation esoph varix
3688,Grader,Thoughtbridge,$295.74,Vinyl,"Endo em hd/nk,bioac coil"
3060,Skid-Steer,Fliptune,$250.14,Granite,Form cutan ileoureterost
4023,Skid-Steer,Thoughtstorm,$263.27,Brass,Excision of knee NEC
4422,Scraper,Gigazoom,$143.16,Glass,Limb lengthen proc NOS
3023,Scraper,Tekfly,$165.31,Glass,Resect ext seg sm bowel
3097,Dump Truck,Demizz,$154.11,Steel,Oth excise duodenum les
4894,Scraper,Realbridge,$246.60,Wood,Splenotomy
3143,Dump Truck,Dynabox,$134.99,Wood,Replace ureteral stimul
4149,Compactor,Skinder,$235.90,Vinyl,Sperm collection
4209,Backhoe,Topicshots,$117.02,Vinyl,Proximal pancreatectomy
4839,Dragline,Rhyzio,$126.40,Plastic,Ext version-assist deliv
3763,Crawler,Wordpedia,$176.51,Plexiglass,Clos mediastinal biopsy
3340,Grader,Quatz,$115.35,Rubber,Incision of lung
4385,Trencher,Voonix,$208.78,Brass,Prosthetic evaluation
3138,Bulldozer,Devpoint,$177.34,Glass,Oth bone repa/plast NEC
4865,Dump Truck,Topdrive,$277.05,Wood,Operation on eyeball NEC
3021,Compactor,Meetz,$193.97,Brass,Lacrimal sac biopsy
3584,Excavator,Shufflester,$165.03,Stone,Marsupializat liver les
3501,Dragline,Meeveo,$217.75,Vinyl,Clos small bowel biopsy
4292,Scraper,Mybuzz,$157.83,Wood,Prt lg intes exc NEC/NOS
3770,Dragline,Linkbuzz,$168.60,Glass,Culture-nervous syst
3979,Trencher,Eidel,$282.91,Brass,Part gastrec w jej anast
4693,Scraper,Brainlounge,$130.34,Plexiglass,IV infusion clofarabine
4466,Crawler,Vitz,$126.84,Vinyl,Repair of cleft hand
3226,Dump Truck,Bluezoom,$138.34,Steel,Pineal field exploration
4427,Dragline,Bubbletube,$117.69,Vinyl,Appl ext fix dev-patella
3233,Scraper,Plambee,$133.30,Plastic,Distal gastrectomy
4862,Backhoe,Rhyzio,$289.39,Aluminum,Wedge osteotomy NEC
3656,Compactor,Voomm,$136.48,Plexiglass,Subarach-ureteral shunt
4888,Dragline,Roombo,$116.57,Plexiglass,Ins strn fix w rgd plate
4872,Scraper,Tagchat,$144.09,Steel,Manual reduction hernia
4525,Dragline,Buzzbean,$145.81,Wood,Lumbosac spine x-ray NEC
4826,Skid-Steer,Tagfeed,$176.96,Plexiglass,Cont inv mec ven <96 hrs
4592,Excavator,Snaptags,$139.27,Wood,Abd region dx proc NEC
3822,Bulldozer,Skyndu,$246.50,Plexiglass,Lengthen 1 extraoc musc
3615,Excavator,Zava,$291.36,Aluminum,Max art lig for epistax
3865,Skid-Steer,Yodoo,$249.38,Brass,Bone mineral density
3022,Bulldozer,Roodel,$216.36,Stone,Interat ven retrn transp
4526,Grader,Centidel,$259.97,Aluminum,Local destruc trach les
4798,Excavator,Cogilith,$264.55,Wood,Oth dx proc-metatar/tar
3228,Excavator,Plajo,$193.87,Steel,Vena cav angiocardiogram
3685,Trencher,Kwimbee,$203.66,Wood,Parasitology-female gen
4636,Dragline,Brainverse,$127.42,Plexiglass,Transfus prev auto blood
4979,Crawler,Jaxnation,$189.62,Plexiglass,Insert esoph obtu airway
4985,Skid-Steer,Lazz,$191.57,Plexiglass,Seg osteoplasty maxilla
4547,Excavator,Twinte,$204.54,Rubber,Suture of palate lacerat
3185,Dragline,Zoonder,$197.14,Brass,Occlude arm vessel NEC
3250,Skid-Steer,Eazzy,$195.44,Aluminum,Percu nephrostmy w frag
3497,Grader,Photolist,$167.14,Vinyl,Ptos rep-tarsal techniq
3601,Dragline,Tagcat,$190.43,Plexiglass,Ant nasal pack for epist
3388,Skid-Steer,Zazio,$242.66,Rubber,Lid recon-tarsoconj flap
4681,Compactor,Snaptags,$234.92,Brass,Rad excis ext ear les
3840,Grader,Meevee,$107.64,Granite,Open brain biopsy
3618,Bulldozer,Babbleblab,$127.97,Stone,Arthroplas metacarp wit
3637,Skid-Steer,Fliptune,$199.69,Aluminum,Total repair of tapvc
3368,Bulldozer,Linklinks,$258.39,Rubber,Tonsil&adenoid biopsy
4905,Dragline,Fivespan,$276.36,Wood,Bone graft NOS
3703,Grader,Thoughtstorm,$239.67,Rubber,Scler fistulizing op NEC
4357,Excavator,Devpoint,$286.01,Steel,Educational therapy
4684,Dragline,Avamba,$108.69,Plastic,Excise tib/fib for graft
4564,Skid-Steer,Realcube,$216.69,Steel,Transab sm bowel endosc
4553,Dragline,Trudoo,$110.01,Steel,Micro exam-musculosk NEC
3476,Dump Truck,Eimbee,$235.85,Vinyl,Endosc inser nasopan tub
4104,Crawler,Innotype,$201.06,Steel,Diaphragm operation NEC
3958,Crawler,Realmix,$237.15,Stone,Hand sft tissu injec NEC
4771,Grader,Podcat,$194.23,Brass,Lower limb artery incis
4532,Skid-Steer,Riffpath,$165.12,Granite,Ankle arthroscopy
4952,Trencher,Blogpad,$227.78,Steel,Consultation NOS
4859,Bulldozer,Gabtune,$192.19,Brass,Total exc pituitary NEC
3710,Dump Truck,Dabtype,$234.46,Plexiglass,Unspec op-bone inj NEC
3112,Excavator,Topdrive,$233.97,Steel,Detach ret photocoag NOS
3110,Backhoe,Quamba,$220.91,Aluminum,"Ins/rep mul pul gn,rechg"
4558,Crawler,Meevee,$250.48,Vinyl,"Endo ins/re bron val,one"
4954,Skid-Steer,Gigabox,$249.72,Vinyl,Cord bld stem cell trans
4666,Dragline,Quire,$252.12,Stone,Lap rev gast restri proc
4502,Crawler,Realbridge,$190.38,Rubber,Eye evisc w synch implan
4445,Backhoe,Livefish,$136.20,Wood,Closed bronchial biopsy
4951,Excavator,Babbleset,$142.92,Granite,Thoracostomy closure
4508,Dragline,Shufflebeat,$194.56,Plexiglass,Repair of macrodactyly
4555,Trencher,Skyndu,$236.03,Plastic,Oxygen consumption monit
4227,Dump Truck,Meedoo,$262.56,Rubber,Ovarian biopsy NEC
3858,Bulldozer,Oyoba,$249.87,Granite,Total patellectomy
4053,Scraper,Bubblebox,$167.44,Wood,Closure of proctostomy
4017,Crawler,Ailane,$239.63,Steel,Eye enuc/implan/musc att
3504,Grader,Bubblemix,$217.54,Wood,Vitreous operation NEC
3373,Excavator,Twinder,$280.03,Glass,Thymus field exploration
4247,Excavator,Trilia,$250.28,Plastic,Joint structure op NEC
4434,Excavator,Devpoint,$124.97,Glass,Masters' 2-step test
3122,Excavator,Yozio,$275.66,Glass,Small bowel suture NEC
3117,Dump Truck,Divape,$163.47,Vinyl,Other skeletal x-ray
3330,Trencher,Fiveclub,$179.95,Granite,Psychologic test adminis
3153,Backhoe,Trilith,$130.42,Vinyl,Insert vasc access dev
4105,Trencher,Feednation,$163.37,Rubber,Paraurethral suspension
3978,Compactor,Tagopia,$121.94,Steel,Ins totl disc pros lumb
4373,Scraper,Brainsphere,$151.78,Vinyl,Contrast placentogram
3978,Scraper,Yata,$177.94,Aluminum,Imp cardiomyostimul sys
4670,Crawler,Topiczoom,$204.99,Stone,Infus drotrecogin alfa
4691,Dragline,Meevee,$201.39,Plexiglass,Imp/repl brain pulse gen
4554,Bulldozer,Vidoo,$165.11,Plexiglass,Dx ultrasound-urinary
3334,Grader,Flipopia,$231.93,Plastic,Abd varicos v liga-strip
4066,Scraper,Buzzshare,$177.68,Plastic,Hair transplant
4058,Dump Truck,Dynava,$265.04,Rubber,Pharyngeal dx proc NEC
3350,Bulldozer,Agimba,$166.71,Granite,Thorac drain pleurl cav
3851,Trencher,Skyble,$256.00,Plexiglass,Induct labor-rupt memb
3068,Compactor,Muxo,$272.89,Vinyl,Neurolyt injec-symp nrv
3783,Crawler,Jabbertype,$130.83,Aluminum,Inj/inf platelet inhibit
3473,Backhoe,Chatterpoint,$112.78,Glass,Abdomen region ops NEC
4313,Crawler,Rhyloo,$187.04,Granite,Skin & subq dx proc NEC
3574,Excavator,Zazio,$205.79,Stone,Color vision study
4992,Dump Truck,Podcat,$218.87,Brass,Other brain excision
4531,Skid-Steer,Vipe,$110.82,Brass,Div soft tissue hand NEC
3766,Scraper,Skinder,$277.96,Granite,Remov fallop tube prosth
3268,Skid-Steer,Lazzy,$157.05,Wood,Nasal lesion excis NOS
4710,Grader,Skyndu,$271.86,Plexiglass,Nasal repair NEC
3924,Scraper,Tanoodle,$244.20,Aluminum,Ther ult head & neck ves
4876,Skid-Steer,Realbuzz,$223.24,Stone,Unilat reduct mammoplast
3998,Bulldozer,Realmix,$125.76,Glass,Heart countershock NEC
3356,Bulldozer,Brainlounge,$298.97,Brass,Uterine les destruct NEC
3545,Dump Truck,Yata,$198.67,Steel,Electroshock therapy NEC
3501,Backhoe,Kwimbee,$237.32,Steel,Full-mouth x-ray
3150,Skid-Steer,Oloo,$186.64,Granite,Partial hip replacement
4245,Compactor,Zoombox,$197.72,Glass,Limited interview/evalua
3222,Trencher,Twitterlist,$245.52,Aluminum,Retinal tear xenon coag
3026,Scraper,Thoughtsphere,$235.40,Wood,Pericardiocentesis
3169,Grader,Gevee,$185.82,Steel,Urethral dx proc NEC
3226,Crawler,Fliptune,$217.05,Wood,Exc max sinus lesion NEC
4298,Backhoe,Edgetag,$105.36,Steel,Bilateral adrenalectomy
4151,Grader,Feedbug,$168.06,Wood,Lap sigmoidectomy
4967,Skid-Steer,Divape,$113.62,Vinyl,Diphtheria toxoid admin
4495,Backhoe,Zoombeat,$208.24,Granite,Adm inhal nitric oxide
3543,Crawler,Blogpad,$200.90,Plastic,Form cutan ileoureterost
4913,Grader,Leenti,$192.14,Wood,Percu endosc gastrostomy
4802,Backhoe,Mybuzz,$157.66,Plastic,Arth/pros rem wo re-wrst
3433,Crawler,Bubblebox,$254.13,Wood,Hyperbaric oxygenation
3876,Trencher,Twitterlist,$244.36,Steel,Close red-int fix toe fx
4083,Backhoe,Lajo,$246.54,Plexiglass,Cl fx reduc-int fix NEC
4048,Grader,Meevee,$284.15,Rubber,Lap robotic assist proc
3334,Bulldozer,Vimbo,$142.22,Vinyl,Open reduct maxillary fx
3590,Backhoe,Dynazzy,$137.54,Steel,Esophageal incision NEC
4245,Trencher,Kimia,$112.32,Aluminum,Delayed clos abd wound
4595,Skid-Steer,Aimbo,$211.02,Aluminum,Egd with closed biopsy
4688,Dump Truck,Miboo,$153.67,Glass,Piercing of ear lobe
3336,Scraper,Zoomzone,$141.04,Brass,Electron teleradiotherap
3902,Dragline,Browseblab,$200.55,Glass,Uterine support op NEC
3505,Bulldozer,Linkbuzz,$100.79,Aluminum,Coronary arteriogram NEC
3314,Compactor,Twinder,$237.35,Aluminum,Toxicology-bili/pancreas
3446,Dragline,Voolia,$177.91,Aluminum,Color vision study
4924,Dump Truck,Skynoodle,$157.33,Glass,Infus drotrecogin alfa
3071,Compactor,Wikibox,$234.93,Granite,Epikeratophakia
4282,Grader,Mudo,$220.58,Steel,Salivary fistula closure
3643,Grader,Babblestorm,$294.07,Steel,Parasitology-eye
3945,Dragline,Plajo,$259.82,Vinyl,Mastotomy
4752,Compactor,Skyble,$256.19,Brass,Hemorrhoid cauterizat
3593,Scraper,Skyba,$268.58,Aluminum,Insert sengstaken tube
3505,Backhoe,Livefish,$117.30,Rubber,Lap umbil hernia-graft
4592,Excavator,Jamia,$255.48,Brass,Carpal tunnel release
4754,Scraper,Babbleblab,$283.16,Aluminum,Breast implant revision
4799,Compactor,Kamba,$127.33,Rubber,Endocar cushion rep NEC
4062,Dump Truck,Mybuzz,$117.21,Wood,Globus pallidus ops
3727,Backhoe,Browseblab,$101.14,Glass,Inject tendon of hand
4504,Grader,Shuffledrive,$106.26,Vinyl,Close ureter fistula NEC
3755,Bulldozer,Flipstorm,$102.01,Plexiglass,Patellar division NEC
4939,Trencher,Edgeclub,$223.66,Rubber,Remove bile duct prosth
3595,Grader,Yakijo,$156.47,Brass,Periprostatic incision
3973,Crawler,Tagpad,$211.04,Stone,Pharyngeal dilation
3000,Dragline,Photolist,$106.39,Vinyl,Other excision of lung
3813,Scraper,Shuffledrive,$135.48,Plexiglass,Opn bi dr ing hrn-gr NEC
4501,Dump Truck,Bubblemix,$189.01,Brass,Eyelid repair NEC
3392,Dragline,Eadel,$137.05,Aluminum,Epididymovasostomy
3198,Crawler,Fiveclub,$291.72,Granite,Destr phren-lung collaps
3535,Bulldozer,Eare,$271.47,Wood,Contrast laryngogram
3270,Dragline,Flashset,$276.17,Plexiglass,Opn/oth repl tcspd valve
3124,Skid-Steer,Bubblemix,$190.45,Brass,Culture NEC
3858,Trencher,Photobug,$185.39,Stone,Esophageal dx proc NEC
4232,Dragline,Rhyzio,$132.30,Glass,Int or repl perm pacemkr
3352,Dragline,Eabox,$230.93,Aluminum,Opn chest cardiac massag
3748,Compactor,Voomm,$249.10,Plexiglass,Scrotum/tunic repair NEC
4159,Crawler,Kanoodle,$155.95,Plexiglass,Low cervical c-section
4700,Grader,Izio,$183.20,Plexiglass,Corneal scrape for smear
4882,Scraper,Topiczoom,$289.33,Plastic,IVUS extracran cereb ves
3843,Skid-Steer,Fadeo,$103.50,Brass,Form cutan ureterostomy
4797,Dragline,Nlounge,$277.72,Stone,Rubella vaccination
3424,Excavator,Camimbo,$268.59,Plexiglass,Other nasal sinus ops
4308,Compactor,Quamba,$256.89,Steel,Upper limb lymphangiogrm
3887,Trencher,Youopia,$255.56,Stone,Bartholin's gland op NEC
3643,Dump Truck,Agivu,$270.00,Aluminum,Insert colonic stent NEC
3952,Dump Truck,Npath,$288.29,Glass,Drug rehab/detox
3555,Skid-Steer,Omba,$176.28,Plexiglass,Cell block/pap-eye
3544,Trencher,Avaveo,$111.56,Plastic,D & C NEC
3264,Dragline,Plajo,$160.11,Brass,Testicular repair NEC
4128,Excavator,Yadel,$227.66,Vinyl,Electroretinogram
3273,Skid-Steer,Jaxnation,$170.79,Plexiglass,Interruption vena cava
3417,Scraper,Yodel,$274.14,Rubber,Cell block/pap-eye
4957,Crawler,Pixonyx,$263.35,Plastic,Gastrotomy
4638,Excavator,Yakijo,$102.27,Wood,Bronch/lung dx proc NEC
4277,Bulldozer,Twitterworks,$244.54,Glass,C & s-blood
4306,Grader,Skinix,$201.75,Steel,Toxicology NEC
3531,Scraper,Meedoo,$209.72,Wood,Open red-sep epiphy NOS
3225,Backhoe,Oyonder,$185.84,Stone,Bact smear-musculoskel
3921,Scraper,Jabberbean,$196.47,Aluminum,Endosc lg bowel thru st
4667,Dump Truck,Wikizz,$230.87,Wood,Other bone dx proc NOS
3939,Compactor,Topdrive,$199.03,Wood,Exc hnd mus/fas for grft
3848,Crawler,Riffpath,$280.86,Stone,Cystotomy NEC
4432,Dragline,Blogpad,$190.38,Plexiglass,Arth/pros rem wo rep NEC
4252,Compactor,Zoonoodle,$243.61,Plastic,Leg vein resect/anastom
3481,Backhoe,Realmix,$171.25,Steel,Ethmoid art ligat-epist
4900,Scraper,Oyondu,$102.29,Brass,Opn fx red w int fix NOS
4901,Trencher,Meevee,$181.31,Rubber,Appl ext fix-tib/fibula
3500,Bulldozer,Meetz,$230.90,Wood,Oth bone repair/plast op
3911,Dragline,Mynte,$243.10,Wood,Fat graft to breast
4563,Dragline,Gabcube,$208.11,Stone,Nasal function study
4040,Bulldozer,LiveZ,$273.27,Wood,Laparoscopic cholecystec
3256,Scraper,Reallinks,$116.60,Brass,Remove solitary fal tube
3375,Trencher,Browsecat,$113.89,Plexiglass,Percu gastrojejunostomy
3679,Skid-Steer,Dabtype,$147.60,Granite,Loc exc bone les patella
3466,Scraper,Chatterpoint,$215.31,Aluminum,Total pancreatectomy
3183,Skid-Steer,Browseblab,$110.39,Brass,Stern esophagoesophagost
3371,Excavator,Eire,$230.13,Steel,Kidney transplant NEC
4313,Trencher,Skajo,$234.49,Aluminum,Gastric lavage
3838,Skid-Steer,Realblab,$110.09,Glass,Rib/sternum/clavic x-ray
3524,Skid-Steer,Voonix,$148.38,Aluminum,Destruc-wrist lesion NEC
4863,Dump Truck,Skipstorm,$199.14,Vinyl,Graft repair ventric def
3209,Dragline,Blogtag,$292.39,Glass,"Implant CCM,total system"
4527,Excavator,Feednation,$294.35,Aluminum,Robotic ast proc NEC/NOS
4906,Crawler,Brainbox,$166.36,Rubber,Partial hip replacement
3428,Bulldozer,Skyble,$143.78,Vinyl,Pedicle graft advancemen
4010,Compactor,Geba,$120.01,Plastic,Inject anticoagulant
4925,Compactor,Einti,$263.64,Wood,Periurethral biopsy
4251,Bulldozer,Livefish,$213.72,Stone,Destruction tongue les
4510,Scraper,Photojam,$232.68,Steel,Excision hand joint NEC
3759,Backhoe,Brainbox,$271.05,Glass,Tympanosympathectomy
3990,Backhoe,Jetpulse,$129.22,Wood,Vasectomy
3718,Crawler,Avavee,$241.32,Granite,"Omt with hi-vel,lo-ampli"
3502,Skid-Steer,Fivespan,$187.37,Stone,Glaucoma procedure NEC
4325,Backhoe,Eimbee,$215.40,Rubber,Alcohol rehab/detox
3656,Grader,Twitterlist,$263.87,Vinyl,Breast full-thick graft
3524,Trencher,Meevee,$256.49,Rubber,Vag susp/fix w grft/pros
4222,Dump Truck,Viva,$203.96,Rubber,Cls reduc-sep epiphy NOS
4290,Trencher,Muxo,$226.05,Granite,Partial humerectomy NEC
4586,Dragline,Vidoo,$166.68,Plastic,Intracapsul lens ext NEC
3752,Crawler,Devify,$223.39,Vinyl,Extracorporeal memb oxy
3243,Dump Truck,Quimba,$219.73,Rubber,Reopen recent lap site
3536,Crawler,Thoughtmix,$245.66,Plastic,Augmentation genioplasty
3956,Bulldozer,Shufflester,$108.71,Steel,Other craniotomy
3917,Excavator,Rhyloo,$131.83,Steel,Allo hem stem ct w/o pur
3342,Dump Truck,Skyvu,$224.93,Aluminum,Tibia/fibula sequestrec
3012,Grader,Dynava,$140.48,Plexiglass,Mri chest & heart
3703,Compactor,Blogspan,$254.01,Rubber,Scleral buckle w implant
3164,Bulldozer,Livepath,$261.61,Wood,Creat esophagastr sphinc
3011,Crawler,Realcube,$206.37,Brass,Wrist joint biopsy
4614,Scraper,Ntags,$121.47,Granite,Inject anticoagulant
3439,Crawler,Mycat,$158.42,Granite,Thorac esophagoesophagos
3468,Bulldozer,Digitube,$197.74,Rubber,Separat equal join twin
3058,Backhoe,Eazzy,$288.67,Vinyl,Urinary system op NEC
4382,Dump Truck,Oyondu,$179.87,Rubber,Cord & epidid repair NEC
4618,Dump Truck,Skyble,$101.80,Wood,Lac passage manip NEC
3892,Compactor,Thoughtbridge,$201.33,Steel,Oth part ostectomy NOS
3810,Dump Truck,Fatz,$151.04,Aluminum,Hand/finger joint biopsy
3564,Excavator,Dabfeed,$277.40,Steel,Simple sut-common duct
4524,Crawler,Yata,$244.75,Plastic,Open lung biopsy
3232,Dragline,Photofeed,$157.53,Plexiglass,Oth op on >l extraoc mus
4821,Crawler,Yabox,$192.44,Plexiglass,Muscle thermography
3539,Scraper,Browseblab,$171.57,Stone,Oth arthrotomy-ankle
4651,Skid-Steer,Minyx,$121.90,Steel,Gracilis musc transplan
3998,Dump Truck,Camido,$228.84,Stone,Prostat/sem ves xray NEC
3323,Grader,Katz,$224.23,Stone,Stapedectomy revis NEC
4085,Compactor,Yozio,$135.32,Wood,Lysis pharyngeal adhes
3468,Trencher,Topdrive,$273.47,Plastic,Repair ob lac uterus NOS
3139,Compactor,Eidel,$115.13,Plexiglass,Removal trunk FB NEC
3559,Bulldozer,Voomm,$161.48,Rubber,Cell blk/pap-integument
3366,Grader,Janyx,$215.09,Aluminum,Freeing of vessel
3847,Backhoe,Einti,$169.14,Plexiglass,Iris operation NEC
3499,Skid-Steer,Abata,$193.46,Vinyl,Excis lesion of muscle
3587,Grader,Shufflebeat,$225.48,Glass,Carporadial fusion
3820,Scraper,Centizu,$196.87,Granite,Fus/refus 4-8 vertebrae
3897,Scraper,Innojam,$296.07,Glass,Culture-blood
3837,Compactor,Zoozzy,$147.99,Aluminum,Closure cholecystostomy
4378,Backhoe,Twitternation,$105.29,Aluminum,Destruction lid lesion
3446,Compactor,Oyoloo,$197.88,Brass,Insert subq anal stimul
4207,Compactor,Skinder,$135.26,Stone,Exc of accessory spleen
4813,Grader,Brainlounge,$194.77,Granite,Bile duct excision NEC
4334,Skid-Steer,Skivee,$273.71,Steel,Rem crtd sinus pulse gen
3741,Backhoe,Tambee,$158.18,Aluminum,Op red-int fix tib/fibul
3328,Trencher,Gabtune,$294.71,Granite,Suture vas & epidid lac
4411,Dump Truck,Gigazoom,$187.12,Brass,Remov intralum pharyn FB
3435,Trencher,Devcast,$273.49,Stone,Remove penetrat FB eye
4994,Scraper,Kazio,$295.25,Stone,Excision of knee NEC
3936,Grader,Skipstorm,$295.87,Wood,Myotomy of colon NEC
4979,Crawler,Devpulse,$289.90,Wood,Radius & ulna sequestrec
3459,Trencher,Shuffledrive,$187.36,Brass,Tot ostect-tibia/fibula
4549,Crawler,Wikivu,$132.86,Vinyl,Tot exc pituit-transphen
3413,Excavator,Skipfire,$271.69,Steel,Hyperbaric oxygenation
3248,Bulldozer,Teklist,$241.91,Wood,Duodenal lacerat suture
3058,Trencher,Realblab,$256.67,Wood,Micro exam-upper GI NEC
4928,Compactor,Buzzdog,$214.67,Glass,Clos bx saliv gland/duct
4005,Scraper,Photojam,$248.76,Steel,Revis cleft palat repair
4222,Bulldozer,Yombu,$144.29,Wood,Closed biopsy trachea
3341,Bulldozer,Realcube,$273.72,Vinyl,Myringotomy w intubation
4706,Trencher,Nlounge,$238.27,Rubber,Sm bowel exteriorization
3427,Compactor,Blogtags,$299.16,Granite,GI scan & isotope funct
3205,Excavator,Dynava,$247.54,Aluminum,Tracheal reconstruction
3934,Scraper,Tazz,$200.66,Stone,Suture of mouth lac NEC
4384,Crawler,Yamia,$225.32,Vinyl,Arth/pros rem wo re-shld
3409,Scraper,Dynazzy,$298.45,Plastic,Thermocaut/entropion rep
3090,Grader,Livefish,$224.16,Plastic,Intranasal antrotomy
4151,Trencher,Kanoodle,$284.18,Plastic,Mobilization of spine
3950,Dump Truck,Skidoo,$249.73,Plexiglass,Fit leg prosthesis NOS
4381,Dump Truck,Tagfeed,$100.18,Brass,Stapedectomy NEC
3991,Compactor,Flashdog,$292.08,Granite,Hindquarter amputation
4969,Dragline,Skivee,$132.11,Wood,Lap radical abdomnl hyst
3256,Backhoe,Meemm,$145.71,Aluminum,Insert ves-to-ves cannul
3798,Crawler,Centimia,$221.96,Aluminum,Spinal struct repair NEC
4711,Scraper,Quaxo,$291.51,Steel,Ext audit canal reconstr
4997,Excavator,Thoughtblab,$160.41,Rubber,Bronchial operation NEC
3849,Trencher,Ailane,$174.73,Plexiglass,Remove bladder stimulat
4214,Excavator,Eire,$232.83,Vinyl,Int fixation-chest cage
3231,Skid-Steer,Wordware,$129.41,Steel,"Endo em hd/nk,bioac coil"
4009,Backhoe,Voonix,$118.18,Plastic,Irrigate/expl vent shunt
3197,Scraper,Youtags,$186.23,Aluminum,Ins left atr append dev
4654,Dump Truck,Abata,$106.66,Stone,Partial hip replacement
4022,Trencher,Skipfire,$254.69,Glass,Punctum repair NEC
4112,Scraper,Fanoodle,$105.14,Glass,Chest wall sinogram
4923,Backhoe,Zazio,$195.24,Wood,Revis bile tract anastom
4393,Bulldozer,Skinte,$267.47,Wood,Excision orbital lesion
3550,Dragline,Feedmix,$259.19,Glass,Replace ventricle shunt
3000,Bulldozer,Youtags,$166.00,Steel,Repair of vessel NEC
4330,Backhoe,Meedoo,$255.06,Wood,Sequestrectomy NEC
4156,Grader,BlogXS,$135.31,Aluminum,Refus lmb/lmbsac pst/pst
3064,Excavator,Realmix,$195.16,Steel,Sympath nrv dx proc NEC
3790,Compactor,Linktype,$283.16,Brass,Endo polpectomy lrge int
3387,Skid-Steer,Twitternation,$296.77,Aluminum,Reattach amputated ear
3772,Grader,Realbridge,$194.40,Plexiglass,Oth op on >l extraoc mus
4913,Compactor,Skidoo,$175.87,Vinyl,Close thoracic duct fist
3485,Compactor,Dynava,$120.04,Rubber,Cord & epidid repair NEC
4477,Bulldozer,Zoombox,$103.48,Rubber,Breast dx procedure NEC
3714,Skid-Steer,Kwimbee,$259.87,Plexiglass,Remove penetrat cerv FB
4014,Crawler,Fiveclub,$244.24,Vinyl,Insert biological graft
4368,Dragline,Skyndu,$262.72,Stone,Ureterectomy NOS
4913,Scraper,Skaboo,$247.86,Granite,Open red-int fix finger
3381,Trencher,Wikizz,$189.74,Granite,Rev hip repl-liner/head
4961,Backhoe,Gigashots,$132.59,Stone,Lap mul seg res lg intes
3213,Skid-Steer,Miboo,$169.79,Vinyl,"Omt with isoton,isometri"
4465,Trencher,Yata,$137.31,Wood,Per nerve adhesiolys NEC
3130,Compactor,Jaxspan,$141.25,Brass,Skull transilluminat
4923,Dragline,Camimbo,$162.94,Aluminum,Repair perirect fistula
3626,Dump Truck,Devpulse,$103.28,Steel,CAS w CT/CTA
4704,Crawler,Yombu,$105.88,Plastic,Excise int mammary node
4548,Bulldozer,Fanoodle,$240.36,Rubber,Conjunctiva dx proc NEC
3235,Compactor,Zazio,$187.68,Vinyl,Incision uterine septum
4512,Crawler,Twitterbeat,$177.65,Granite,Insert spinal canal cath
3823,Dump Truck,Youopia,$214.03,Rubber,Endosc destru bile les
3078,Grader,Dynabox,$115.89,Plastic,Clos pharynx fistula NEC
3981,Skid-Steer,Blogtag,$232.13,Brass,Urethral dx proc NEC
3090,Compactor,Tagopia,$289.78,Wood,Applic ext fix dev-femur
4874,Scraper,Thoughtblab,$288.93,Plexiglass,Unilat adrenal explorat
4068,Trencher,Flashset,$179.10,Aluminum,Bladder les destruct NEC
4915,Skid-Steer,Edgepulse,$285.00,Rubber,Internal fix-patella
4102,Bulldozer,Voolia,$246.57,Plastic,Coreoplasty
4180,Grader,Topiclounge,$126.56,Rubber,Prt lg intes exc NEC/NOS
4597,Compactor,Cogibox,$119.15,Glass,Imp/rep lead lf ven sys
3788,Trencher,Voolith,$197.24,Wood,Auto bone mt w purging
4260,Backhoe,Eamia,$192.79,Steel,Open testicular biopsy
3065,Dragline,Twimbo,$274.22,Steel,Continent ileostomy
3481,Skid-Steer,Twimm,$163.49,Brass,Closed bx of esophagus
4506,Skid-Steer,Wikivu,$174.75,Vinyl,Closure of mouth fistula
4004,Compactor,Buzzster,$133.14,Stone,Oth dx proced-patella
3601,Crawler,Flipbug,$197.23,Plastic,Intravas msmnt thorc art
4022,Backhoe,Topicshots,$255.66,Plastic,Replace trac/laryn stent
4228,Crawler,Shufflester,$273.98,Wood,Pancreatic dx proc NEC
4770,Excavator,Topdrive,$160.36,Rubber,Contrast pancreatogram
4382,Compactor,Voolith,$236.20,Glass,Limb shorten proc NOS
4558,Crawler,Feednation,$288.05,Steel,Cerebral thermography
4963,Dragline,Trunyx,$160.31,Brass,Trabeculectom ab externo
4876,Dragline,Zoonoodle,$185.87,Plastic,Mediastinoscopy
3965,Bulldozer,Gabtune,$132.93,Aluminum,Esophageal web incision
4545,Trencher,Divavu,$233.30,Plexiglass,Hysterectomy NEC/NOS
3908,Dump Truck,Browseblab,$242.18,Brass,Endosc destr urethra les
3989,Compactor,Yombu,$111.68,Vinyl,Cystoscopy thru stoma
3001,Backhoe,Twitterlist,$120.32,Glass,Dyslexia training
4319,Excavator,Skyba,$269.22,Stone,Remov vas deferens valve
3659,Backhoe,Shufflebeat,$275.22,Stone,Linear craniectomy
3413,Crawler,Voomm,$116.96,Rubber,Toxicology-upper GI
3832,Crawler,Demizz,$132.61,Aluminum,Music therapy
3545,Skid-Steer,Vipe,$288.54,Wood,Psychiatr somatother NEC
4727,Grader,Chatterpoint,$189.37,Vinyl,Other hernia repair
3150,Compactor,Dynazzy,$269.57,Plexiglass,Patellar biopsy
3103,Dump Truck,Quimba,$132.52,Steel,Metacarp/carp sequestrec
3082,Dump Truck,Tagchat,$217.58,Brass,Suprapubic prostatectomy
3174,Crawler,Yamia,$131.84,Wood,Orthoptic training
4891,Dragline,Podcat,$204.94,Rubber,Breast implant revision
4815,Dump Truck,Feedfire,$239.61,Rubber,Oth op on >l extraoc mus
4631,Grader,Skalith,$212.61,Brass,Middle ear incision
4819,Compactor,Skippad,$199.61,Aluminum,Thor vessel resect/anast
3498,Dragline,Tavu,$177.05,Plastic,Loc exc bone les humerus
4730,Excavator,Youspan,$235.53,Plastic,Unilateral vulvectomy
3448,Bulldozer,Wikibox,$198.43,Steel,Glaucoma procedure NEC
4494,Dragline,Dabshots,$140.80,Stone,Remov trunk packing NEC
3234,Dragline,Abatz,$152.16,Aluminum,Opn tricus valvuloplasty
3897,Skid-Steer,Linkbridge,$270.71,Aluminum,Endovas repl uns hrt vlv
4196,Compactor,Dynabox,$235.53,Plexiglass,Excise patella for graft
3362,Crawler,Lajo,$250.30,Plastic,Rev knee repl-femur comp
3951,Trencher,Reallinks,$276.05,Steel,Contr cerebr arteriogram
3226,Skid-Steer,Jabbercube,$175.40,Wood,Gum lesion excision
3705,Skid-Steer,Zava,$113.95,Aluminum,Duodenal fistula closure
3115,Backhoe,Roomm,$199.37,Granite,Thorac part exisn thymus
4914,Crawler,Meembee,$203.87,Plastic,Destruct cornea les NEC
4064,Compactor,Topicblab,$138.50,Stone,Opn thorc diaph hern NEC
3776,Compactor,Divape,$287.88,Rubber,Cl red-int fix metac/car
4754,Trencher,Jaxspan,$150.47,Wood,Remove head/neck dev NEC
4381,Excavator,Avamba,$153.19,Plexiglass,Hyperthermia ca therapy
4674,Dump Truck,Twinder,$174.00,Rubber,Auto bone mt w purging
4571,Compactor,Ooba,$258.75,Rubber,Subtotal mastectomy
3292,Crawler,Agivu,$126.64,Wood,Other nervous system ops
4450,Excavator,Ainyx,$126.18,Steel,Drain face & mouth floor
4801,Backhoe,Mymm,$145.29,Steel,Rep anuls fibros NEC/NOS
4549,Dump Truck,Eire,$247.89,Glass,Gum or alveolar incision
4568,Dragline,Skinte,$109.86,Aluminum,Full-mouth x-ray
4422,Crawler,Skilith,$116.96,Plastic,Pharyngoscopy
3070,Bulldozer,Trupe,$239.11,Aluminum,Chest wall sinogram
4399,Excavator,Skajo,$218.33,Glass,Rev knee replace-patella
4643,Dragline,Pixonyx,$233.16,Granite,Remove ocular implant
3220,Backhoe,Zooveo,$131.40,Vinyl,Audiometry
4282,Grader,Talane,$158.66,Steel,Endo pulm arwy flow msmt
4982,Backhoe,Tagcat,$212.70,Rubber,Nonmechan resuscitation
4459,Backhoe,Jaxworks,$171.45,Granite,Repair of hammer toe
3481,Scraper,Eare,$189.44,Steel,Head/neck vessel excis
3852,Excavator,Yodo,$238.74,Granite,Vital capacity determin
3899,Scraper,Edgeclub,$271.44,Granite,Foot & toe arthroscopy
4526,Skid-Steer,Quire,$215.31,Rubber,Anal cerclage
4927,Skid-Steer,Zoomdog,$170.29,Brass,Tot ostect-tibia/fibula
3170,Dump Truck,Quaxo,$139.22,Wood,Reduction facial fx NOS
3678,Scraper,InnoZ,$257.02,Steel,Destruct scleral lesion
4947,Compactor,Buzzdog,$250.80,Granite,After catar fragmntation
3494,Dump Truck,Fiveclub,$206.42,Vinyl,Contrast phlebogram NOS
4420,Grader,Devpoint,$205.46,Wood,Procedure-three vessels
3091,Dump Truck,Wikizz,$104.72,Rubber,Rev jt repl low ext NEC
3959,Scraper,Browsetype,$119.62,Brass,Contr phlebogram-hd/neck
3768,Trencher,Brightbean,$227.55,Plastic,Urethral pressure profil
3536,Backhoe,Shuffletag,$189.21,Glass,Other myectomy
4657,Grader,Rhybox,$270.37,Steel,Tracheoscopy thru stoma
4127,Excavator,Jabbersphere,$294.91,Stone,External ear incis NEC
3748,Trencher,Layo,$204.07,Steel,Contrast epididymogram
3560,Crawler,Livepath,$197.43,Plastic,Temporary ileostomy
3186,Dragline,Tazzy,$272.94,Wood,Destruct esophag les NEC
4928,Skid-Steer,Lazzy,$238.44,Aluminum,Gb-to-hepat duct anast
4551,Scraper,Gigaclub,$200.38,Wood,Open thyroid gland bx
3881,Crawler,Twitterwire,$209.45,Rubber,Patellar division NEC
4696,Dump Truck,Fatz,$269.94,Aluminum,Rep cornea postop dehisc
4353,Skid-Steer,Twitternation,$289.32,Plastic,Remov other GI device
3616,Excavator,Viva,$244.37,Wood,Cyclodialysis
4695,Excavator,Dynabox,$288.39,Granite,Closed liver biopsy
4937,Crawler,Midel,$133.13,Plexiglass,Latiss dorsi myocut flap
4520,Grader,Gevee,$193.35,Brass,Rem epiretinal prosth
4432,Backhoe,Dablist,$159.42,Granite,Heart aneurysm excision
4778,Scraper,Photobug,$111.68,Plexiglass,Elbow arthroscopy
3383,Bulldozer,Trilith,$194.20,Rubber,Los excis prostatic les
4366,Dragline,Browseblab,$260.64,Plexiglass,Endo insrt bronc def/sub
3587,Skid-Steer,Abata,$206.61,Steel,Obstetric operation NEC
3447,Trencher,Kanoodle,$288.66,Steel,Cystocel/rectocel repair
3143,Skid-Steer,Flashdog,$123.88,Aluminum,Simpl aspir lens extract
3610,Compactor,Skippad,$112.61,Vinyl,Thigh reattachment
3874,Dragline,Rhynyx,$109.73,Rubber,Toxicology-lower urinary
4815,Excavator,Yabox,$162.34,Plexiglass,Grp therap psychsex dysf
4088,Skid-Steer,Riffwire,$159.27,Rubber,Total elbow replacement
4497,Trencher,Oyoyo,$288.71,Brass,Cell blk/pap-lower urin
4267,Crawler,Avamm,$196.66,Vinyl,Testicular repair NEC
3935,Skid-Steer,Oyoloo,$198.19,Stone,Oth bone repa/plast NEC
3546,Bulldozer,Babbleblab,$114.31,Vinyl,Insrt prsr snsr w/o lead
4154,Backhoe,Minyx,$120.66,Brass,Spinal cord adhesiolysis
4183,Excavator,Jabberbean,$245.96,Vinyl,Pineal field exploration
3702,Dragline,Skidoo,$220.05,Brass,Dilation anal sphincter
4867,Grader,Plambee,$275.97,Vinyl,Hemorrhoid cryotherapy
3347,Skid-Steer,InnoZ,$176.12,Plastic,Proctopexy NEC
4102,Backhoe,Kazu,$122.45,Vinyl,Local gastr excision NEC
3880,Backhoe,Youspan,$182.58,Vinyl,One extraoc mus recess
4811,Backhoe,Demivee,$222.02,Plexiglass,Wedge osteotomy NEC
3783,Crawler,Oyonder,$124.92,Rubber,Lap bi dr/ind ing hrn-gr
3859,Backhoe,Abata,$295.63,Brass,Other humerus incision
3311,Excavator,Tambee,$296.33,Steel,Contrast aortogram
4177,Backhoe,Bubblebox,$272.90,Steel,Transfus prev auto blood
4302,Dragline,Chatterbridge,$296.63,Steel,Lap lys periren/uret adh
3273,Dump Truck,Oyope,$214.72,Vinyl,Lap indir ing hern-graft
3608,Trencher,Jabbercube,$110.06,Steel,Part dacryoadenect NEC
4954,Excavator,Photobug,$112.39,Brass,Rad dissec axillary node
4641,Skid-Steer,Dynava,$216.98,Rubber,Bact smear-op wound
3623,Backhoe,Agimba,$125.19,Plexiglass,Mid forceps w episiotomy
3403,Skid-Steer,Quire,$142.53,Granite,Postop revis per nerv op
4629,Excavator,Devpoint,$293.92,Wood,Other excision of lung
4172,Compactor,Shuffledrive,$141.55,Vinyl,Remov trunk packing NEC
4796,Grader,Dabvine,$235.13,Wood,Blood vessel thermograph
4839,Scraper,Livepath,$221.15,Rubber,Occlude thoracic ves NEC
3208,Scraper,Agimba,$106.79,Rubber,Closed bx of esophagus
3814,Excavator,Livetube,$140.58,Granite,Full-thick hand skin grf
4338,Compactor,Tanoodle,$239.65,Wood,Ethmoidectomy
4244,Crawler,Realbuzz,$106.75,Stone,Rev jt repl low ext NEC
3259,Dump Truck,Skyba,$205.41,Stone,Excis radius/ulna-graft
4270,Scraper,Centizu,$280.56,Vinyl,Partial pancreatect NEC
3703,Bulldozer,Dabvine,$228.80,Granite,Postop vasc op hem contr
4544,Trencher,Janyx,$266.56,Rubber,Remove head/neck sutures
3401,Dump Truck,Kwilith,$190.99,Plexiglass,Percutan renal aspirat
3066,Crawler,Gabvine,$235.06,Rubber,Lap robotic assist proc
4993,Skid-Steer,Zazio,$201.43,Wood,Percutan liver aspirat
4635,Trencher,Vinte,$237.62,Vinyl,Ins/repl facet replc dev
3531,Bulldozer,Ainyx,$210.52,Stone,Intestinal fixation NOS
3713,Bulldozer,Rooxo,$110.76,Aluminum,Lower GI series
4893,Crawler,Kayveo,$188.26,Plastic,Intestinal x-ray NEC
3072,Bulldozer,Yadel,$193.92,Plexiglass,Tonsil&adenoid dx op NEC
3638,Trencher,Snaptags,$116.35,Aluminum,Part ostectomy-femur
3074,Excavator,Livetube,$233.03,Stone,Trephin sclera w iridect
4521,Scraper,DabZ,$183.16,Plexiglass,Parasitology-ent/larynx
4544,Compactor,Zoomdog,$120.13,Steel,Enterostomy NEC
3956,Crawler,Mudo,$180.02,Aluminum,Esophageal dilation
4374,Dump Truck,Shuffletag,$204.39,Stone,Excise axillary node
4832,Grader,Camimbo,$230.30,Plastic,Percut semin ves aspirat
4471,Backhoe,Realfire,$262.14,Glass,Tympanosympathectomy
3780,Grader,Devshare,$227.05,Steel,Replace nephrostomy tube
3341,Backhoe,Fliptune,$190.34,Rubber,Int/comb version no extr
4522,Dump Truck,Buzzdog,$175.61,Brass,Partial ureterectomy
4118,Dump Truck,Shuffletag,$279.81,Wood,Closed biopsy trachea
3186,Scraper,Vipe,$119.58,Plexiglass,Rev hip repl-fem comp
4171,Trencher,Voonix,$152.35,Aluminum,Endo polpectomy lrge int
3220,Backhoe,Quimba,$114.49,Vinyl,Percutaneous cystostomy
4602,Skid-Steer,Photofeed,$213.57,Stone,Refus oth cerv post/post
4767,Backhoe,Realmix,$163.99,Plastic,Culdoscopy
3710,Bulldozer,Quire,$264.85,Brass,Incision of mediastinum
3074,Dragline,Leenti,$171.93,Plastic,Cl red-int fix tib/fibu
4109,Bulldozer,Thoughtworks,$230.26,Steel,Foot synovectomy
3754,Bulldozer,Skynoodle,$103.87,Plexiglass,Urin diversion to bowel
3373,Dragline,Yakitri,$170.24,Vinyl,Opn/oth repl pul valve
3897,Compactor,Kwilith,$186.94,Aluminum,Oth cardiac mon output
3210,Grader,InnoZ,$117.80,Wood,Inser bone stim-meta/car
4909,Trencher,Meemm,$148.39,Stone,Interview & evaluat NOS
3567,Excavator,Quire,$212.84,Glass,Arthrodesis of shoulder
3256,Grader,Flashspan,$293.93,Plexiglass,Trnsapcl rep aortc valve
3643,Scraper,Oyonder,$192.03,Brass,Tot ostectomy-femur
3354,Dump Truck,Meejo,$196.87,Glass,Transfront pituitary bx
3701,Dragline,Chatterpoint,$200.43,Rubber,Facilit intraoc circ NEC
3115,Dump Truck,Gigazoom,$149.87,Vinyl,Open reduc-radius/uln fx
4344,Dump Truck,Rhyzio,$247.56,Vinyl,Renal repair NEC
4637,Bulldozer,Twitterbeat,$214.39,Vinyl,Arth/pros rem wo rep NEC
3742,Scraper,Zoomdog,$211.82,Stone,C & s NEC
3555,Dump Truck,Avavee,$199.99,Steel,Repair perirect fistula
4872,Scraper,Oyoloo,$149.98,Steel,Thoracic spine x-ray NEC
4503,Bulldozer,Vidoo,$248.28,Aluminum,Other destruc anus les
3225,Skid-Steer,Agivu,$299.31,Plexiglass,Remov intralum trach FB
4833,Backhoe,Shufflebeat,$282.01,Glass,Occlude aorta NEC
4090,Skid-Steer,Photojam,$197.88,Plexiglass,Radioactive elem implant
4999,Bulldozer,Podcat,$261.11,Brass,Radical abd hyst NEC/NOS
4121,Dragline,Einti,$179.28,Rubber,Close appendiceal fistul
3696,Dump Truck,Eimbee,$229.93,Rubber,Insert sengstaken tube
4014,Scraper,Digitube,$113.73,Brass,Diagnostic asp of orbit
3088,Dump Truck,Tagtune,$266.90,Rubber,Incision of testes
4345,Grader,Voonder,$184.78,Rubber,Incision of aorta
4111,Backhoe,Zooveo,$221.25,Vinyl,Bact smear-blood
3243,Bulldozer,Kanoodle,$175.69,Aluminum,Iridectomy NEC
4543,Dragline,Yata,$295.13,Brass,Endosc destr pancrea les
4625,Grader,Wikizz,$204.47,Granite,Lobectomy of lung NEC
4275,Trencher,Zoomlounge,$191.21,Plexiglass,Clos branch cleft fistul
4466,Scraper,Rhyloo,$156.10,Glass,Open reduct-int fix toe
4722,Trencher,Divanoodle,$233.44,Glass,Percutan vertebroplasty
3986,Dump Truck,Ozu,$192.34,Glass,Endovas repl aortc valve
3202,Scraper,Youbridge,$179.24,Plastic,Renal anastomosis
4603,Skid-Steer,Tanoodle,$220.50,Aluminum,Vesicostomy
4538,Bulldozer,Jabbercube,$118.05,Plexiglass,Vagin/cul-de-sac dx NEC
4943,Trencher,Shuffledrive,$282.88,Vinyl,Op on 1 extraoc musc NEC
4784,Skid-Steer,Skalith,$249.51,Plexiglass,Insert skel musc stimula
3755,Excavator,Edgeify,$147.85,Aluminum,Retinal tear diathermy
4861,Excavator,Twinte,$195.00,Plexiglass,Testicular operation NEC
3950,Grader,Twitterlist,$294.96,Glass,Wrist joint biopsy
4471,Compactor,Thoughtbeat,$259.24,Plastic,Decortication of lung
3817,Scraper,Skimia,$193.92,Plexiglass,Destruct duoden les NEC
4047,Grader,Abata,$124.86,Wood,Simple mastoidectomy
4483,Crawler,Yoveo,$161.84,Vinyl,Cell blk/pap-nervous sys
4006,Bulldozer,Twiyo,$202.83,Plastic,Other group therapy
4357,Dragline,Rhycero,$154.32,Aluminum,Loc exc les radius/ulna
4839,Trencher,Tagfeed,$225.59,Brass,Remove dental prosthesis
3506,Scraper,Voomm,$122.33,Vinyl,Iridotomy w transfixion
3800,Dump Truck,Riffpath,$286.90,Rubber,Diaphragm operation NEC
4304,Skid-Steer,Blogpad,$233.12,Brass,Excision of urachus
4527,Crawler,Ozu,$278.03,Plastic,Reduc overcorrect ptosis
3334,Skid-Steer,Quaxo,$104.53,Plastic,Transplantation of ovary
3590,Trencher,Pixoboo,$191.18,Granite,Remov pancreatic tube
3836,Scraper,Eayo,$241.62,Steel,Esoph fistula repair NEC
3282,Grader,Realbuzz,$277.46,Plexiglass,Partial ventriculectomy
3218,Dump Truck,Yodoo,$155.83,Steel,Perc angio extracran ves
3659,Bulldozer,Babblestorm,$225.85,Aluminum,Entropion/ectrop rep NEC
4366,Backhoe,Abata,$267.59,Wood,Cryotherap cornea lesion
3395,Backhoe,Quimm,$173.43,Glass,Ethmoid art ligat-epist
4172,Dragline,Tambee,$140.70,Glass,Perineal urethroscopy
3467,Backhoe,Roombo,$270.65,Rubber,Repl pacem w dual-cham
3332,Backhoe,Rhyloo,$110.90,Steel,Int fix-no fx reduct NEC
4668,Compactor,Rhybox,$246.12,Wood,Vaccination/innocula NEC
3673,Crawler,Realpoint,$180.89,Wood,Goniopuncture
4462,Excavator,Realfire,$257.95,Vinyl,Inject insulin
3957,Dump Truck,Yambee,$191.56,Aluminum,Intravascul imaging NEC
4625,Trencher,Flipbug,$149.62,Brass,Extracorp immunoabsorpt
4969,Dragline,Lazz,$253.34,Rubber,Endosc dilation ampulla
4706,Grader,Jamia,$161.91,Rubber,Adrenal nerve division
4829,Excavator,Kaymbo,$107.68,Glass,"Resrf hip,part-fem head"
3432,Scraper,Omba,$151.35,Plastic,Peritoneal biopsy
4910,Crawler,Vidoo,$106.89,Wood,Open pancreatic biopsy
3053,Excavator,Yata,$250.31,Granite,Reduction torsion testes
4035,Grader,Cogidoo,$136.20,Vinyl,Onychoplasty
3276,Grader,Skyba,$247.42,Stone,Other tracheal operation
3486,Trencher,Jabberstorm,$211.70,Plastic,Stern esophagocolos NEC
4550,Crawler,Minyx,$222.72,Glass,Biopsy of diaphragm
4116,Trencher,Jetwire,$106.14,Aluminum,Pneumoperit-lung collaps
